invoice_number,customer_id,total_amount,amount_paid,due_date,status
INV-2001,CUST-219,7021.39,2808.56,2026-10-11,PROCESSING
INV-2002,CUST-220,7207.22,0.00,2026-10-12,UNPAID
INV-2003,CUST-205,13437.48,5374.99,2026-10-23,PROCESSING
INV-2004,CUST-228,14468.23,5787.29,2026-10-24,PROCESSING
INV-2005,CUST-219,4668.78,0.00,2026-10-19,UNPAID
INV-2006,CUST-206,1874.31,0.00,2026-10-25,UNPAID
INV-2007,CUST-221,9718.16,0.00,2026-10-27,UNPAID
INV-2008,CUST-248,10980.45,0.00,2026-10-09,UNPAID
INV-2009,CUST-214,9347.63,3739.05,2026-10-09,PROCESSING
INV-2010,CUST-203,11424.84,4569.94,2026-10-21,PROCESSING
INV-2011,CUST-211,12663.93,0.00,2026-10-29,UNPAID
INV-2012,CUST-240,4067.44,0.00,2026-10-23,UNPAID
INV-2013,CUST-231,8917.89,0.00,2026-10-29,UNPAID
INV-2014,CUST-250,10331.09,4132.44,2026-10-30,PROCESSING
INV-2015,CUST-218,11856.56,4742.62,2026-10-18,PROCESSING
INV-2016,CUST-245,11213.90,0.00,2026-10-11,UNPAID
INV-2017,CUST-219,5660.28,2264.11,2026-10-14,PROCESSING
INV-2018,CUST-226,8647.69,3459.08,2026-10-05,PROCESSING
INV-2019,CUST-238,9357.84,0.00,2026-10-20,UNPAID
INV-2020,CUST-217,7774.08,3109.63,2026-10-28,PROCESSING
INV-2021,CUST-248,12466.38,4986.55,2026-10-08,PROCESSING
INV-2022,CUST-244,13719.71,5487.88,2026-10-28,PROCESSING
INV-2023,CUST-233,10733.33,0.00,2026-10-24,UNPAID
INV-2024,CUST-217,9521.10,0.00,2026-10-30,UNPAID
INV-2025,CUST-239,6874.14,2749.66,2026-10-07,PROCESSING
INV-2026,CUST-215,4533.22,0.00,2026-10-18,UNPAID
INV-2027,CUST-222,2216.31,0.00,2026-10-21,UNPAID
INV-2028,CUST-234,9783.15,0.00,2026-10-06,UNPAID
INV-2029,CUST-220,6624.36,0.00,2026-10-19,UNPAID
INV-2030,CUST-225,10821.96,0.00,2026-10-09,UNPAID
INV-2031,CUST-226,9715.17,4857.59,2026-09-21,PROCESSING
INV-2032,CUST-250,12464.70,6232.35,2026-09-12,PROCESSING
INV-2033,CUST-214,12390.59,0.00,2026-09-16,UNPAID
INV-2034,CUST-209,1830.68,915.34,2026-09-17,PROCESSING
INV-2035,CUST-221,14264.43,7132.22,2026-09-25,PROCESSING
INV-2036,CUST-236,8547.95,4273.98,2026-09-19,PROCESSING
INV-2037,CUST-232,6243.42,3121.71,2026-09-29,PROCESSING
INV-2038,CUST-215,1445.29,722.64,2026-09-18,PROCESSING
INV-2039,CUST-229,1957.96,978.98,2026-09-27,PROCESSING
INV-2040,CUST-206,7619.56,0.00,2026-09-10,UNPAID
INV-2041,CUST-214,4087.63,2043.82,2026-09-24,PROCESSING
INV-2042,CUST-211,2889.57,0.00,2026-09-05,UNPAID
INV-2043,CUST-210,9874.15,0.00,2026-09-18,UNPAID
INV-2044,CUST-235,7596.55,3798.28,2026-09-09,PROCESSING
INV-2045,CUST-226,2290.94,0.00,2026-09-28,UNPAID
INV-2046,CUST-228,3689.84,0.00,2026-09-15,UNPAID
INV-2047,CUST-216,11253.56,5626.78,2026-09-07,PROCESSING
INV-2048,CUST-249,7322.67,3661.34,2026-09-20,PROCESSING
INV-2049,CUST-235,1608.38,0.00,2026-09-27,UNPAID
INV-2050,CUST-203,5068.80,2534.40,2026-09-05,PROCESSING
INV-2051,CUST-241,11475.67,5737.84,2026-09-18,PROCESSING
INV-2052,CUST-234,14170.88,7085.44,2026-09-21,PROCESSING
INV-2053,CUST-245,6342.87,3171.43,2026-09-15,PROCESSING
INV-2054,CUST-239,11522.65,5761.32,2026-09-27,PROCESSING
INV-2055,CUST-244,8208.76,0.00,2026-09-10,UNPAID
INV-2056,CUST-230,8677.59,4338.80,2026-08-31,PROCESSING
INV-2057,CUST-219,9269.03,0.00,2026-09-05,UNPAID
INV-2058,CUST-229,2874.97,1437.48,2026-09-10,PROCESSING
INV-2059,CUST-238,11869.07,0.00,2026-09-18,UNPAID
INV-2060,CUST-226,4040.25,0.00,2026-09-13,UNPAID
INV-2061,CUST-235,1829.83,0.00,2026-08-06,UNPAID
INV-2062,CUST-215,10322.63,0.00,2026-08-23,UNPAID
INV-2063,CUST-243,8863.71,0.00,2026-08-09,UNPAID
INV-2064,CUST-231,3883.91,0.00,2026-08-15,UNPAID
INV-2065,CUST-229,7774.21,0.00,2026-08-26,UNPAID
INV-2066,CUST-209,2489.27,0.00,2026-08-26,UNPAID
INV-2067,CUST-226,9332.19,0.00,2026-08-05,UNPAID
INV-2068,CUST-240,13990.97,0.00,2026-08-14,UNPAID
INV-2069,CUST-242,10879.21,0.00,2026-08-20,UNPAID
INV-2070,CUST-212,7608.81,0.00,2026-08-19,UNPAID
INV-2071,CUST-227,4867.52,0.00,2026-08-01,UNPAID
INV-2072,CUST-216,14978.00,0.00,2026-08-07,UNPAID
INV-2073,CUST-201,12938.41,0.00,2026-08-10,UNPAID
INV-2074,CUST-246,14739.03,0.00,2026-08-25,UNPAID
INV-2075,CUST-238,10468.18,0.00,2026-08-24,UNPAID
INV-2076,CUST-222,4647.44,0.00,2026-08-14,UNPAID
INV-2077,CUST-220,12388.27,0.00,2026-08-19,UNPAID
INV-2078,CUST-228,7965.38,0.00,2026-08-13,UNPAID
INV-2079,CUST-203,13325.25,0.00,2026-08-14,UNPAID
INV-2080,CUST-226,8616.50,0.00,2026-08-25,UNPAID
INV-2081,CUST-205,9888.24,0.00,2026-06-19,UNPAID
INV-2082,CUST-222,8283.86,0.00,2026-06-13,UNPAID
INV-2083,CUST-229,3709.95,0.00,2026-06-13,UNPAID
INV-2084,CUST-217,4091.57,0.00,2026-06-04,UNPAID
INV-2085,CUST-235,9821.22,0.00,2026-06-29,UNPAID
INV-2086,CUST-201,11050.86,0.00,2026-07-25,UNPAID
INV-2087,CUST-231,13414.00,0.00,2026-07-03,UNPAID
INV-2088,CUST-247,14414.61,0.00,2026-07-10,UNPAID
INV-2089,CUST-250,10551.39,0.00,2026-06-25,UNPAID
INV-2090,CUST-243,8099.82,0.00,2026-06-17,UNPAID
INV-2091,CUST-238,9283.35,0.00,2026-06-20,UNPAID
INV-2092,CUST-204,4233.52,0.00,2026-07-01,UNPAID
INV-2093,CUST-202,7233.04,7233.04,2026-09-18,PAID
INV-2094,CUST-215,2019.16,2019.16,2026-08-28,PAID
INV-2095,CUST-224,4591.78,4591.78,2026-08-27,PAID
INV-2096,CUST-246,13692.46,13692.46,2026-09-14,PAID
INV-2097,CUST-222,6803.74,6803.74,2026-09-19,PAID
INV-2098,CUST-211,9425.91,9425.91,2026-08-18,PAID
INV-2099,CUST-215,14075.71,14075.71,2026-08-23,PAID
INV-2100,CUST-222,11057.71,11057.71,2026-08-22,PAID
