receipt_id,po_number,received_quantity,line_items
GR-9001,PO-1001,6.0,"[{""item_id"": ""ITEM-102"", ""description"": ""Ergonomic Office Chair"", ""quantity"": 6.0, ""unit_price"": 200.0, ""total_price"": 1200.0}]"
GR-9002,PO-1002,16.0,"[{""item_id"": ""ITEM-108"", ""description"": ""Noise Cancelling Headset"", ""quantity"": 16.0, ""unit_price"": 85.0, ""total_price"": 1360.0}]"
GR-9003,PO-1003,18.0,"[{""item_id"": ""ITEM-105"", ""description"": ""27-Inch 4K UHD Monitor"", ""quantity"": 18.0, ""unit_price"": 250.0, ""total_price"": 4500.0}]"
GR-9004,PO-1004,15.0,"[{""item_id"": ""ITEM-108"", ""description"": ""Noise Cancelling Headset"", ""quantity"": 15.0, ""unit_price"": 85.0, ""total_price"": 1275.0}]"
GR-9005,PO-1005,28.0,"[{""item_id"": ""ITEM-106"", ""description"": ""Cat6 Ethernet Spool 1000ft"", ""quantity"": 28.0, ""unit_price"": 120.0, ""total_price"": 3360.0}]"
GR-9006,PO-1006,26.0,"[{""item_id"": ""ITEM-108"", ""description"": ""Noise Cancelling Headset"", ""quantity"": 26.0, ""unit_price"": 85.0, ""total_price"": 2210.0}]"
GR-9007,PO-1007,36.0,"[{""item_id"": ""ITEM-101"", ""description"": ""Standard Laptop Dock"", ""quantity"": 36.0, ""unit_price"": 150.0, ""total_price"": 5400.0}]"
GR-9008,PO-1008,15.0,"[{""item_id"": ""ITEM-107"", ""description"": ""Gigabit Managed Switch 24-Port"", ""quantity"": 15.0, ""unit_price"": 450.0, ""total_price"": 6750.0}]"
GR-9009,PO-1009,12.0,"[{""item_id"": ""ITEM-103"", ""description"": ""Wireless Keyboard & Mouse Combo"", ""quantity"": 12.0, ""unit_price"": 50.0, ""total_price"": 600.0}]"
GR-9010,PO-1010,20.0,"[{""item_id"": ""ITEM-109"", ""description"": ""Solid State Drive 2TB NVMe"", ""quantity"": 20.0, ""unit_price"": 180.0, ""total_price"": 3600.0}]"
GR-9011,PO-1011,12.0,"[{""item_id"": ""ITEM-108"", ""description"": ""Noise Cancelling Headset"", ""quantity"": 12.0, ""unit_price"": 85.0, ""total_price"": 1020.0}]"
GR-9012,PO-1012,24.0,"[{""item_id"": ""ITEM-110"", ""description"": ""Standing Desk Frame Motorized"", ""quantity"": 24.0, ""unit_price"": 400.0, ""total_price"": 9600.0}]"
GR-9013,PO-1013,40.0,"[{""item_id"": ""ITEM-101"", ""description"": ""Standard Laptop Dock"", ""quantity"": 40.0, ""unit_price"": 150.0, ""total_price"": 6000.0}]"
GR-9014,PO-1014,28.0,"[{""item_id"": ""ITEM-103"", ""description"": ""Wireless Keyboard & Mouse Combo"", ""quantity"": 28.0, ""unit_price"": 50.0, ""total_price"": 1400.0}]"
GR-9015,PO-1015,13.0,"[{""item_id"": ""ITEM-102"", ""description"": ""Ergonomic Office Chair"", ""quantity"": 13.0, ""unit_price"": 200.0, ""total_price"": 2600.0}]"
GR-9016,PO-1016,5.0,"[{""item_id"": ""ITEM-109"", ""description"": ""Solid State Drive 2TB NVMe"", ""quantity"": 5.0, ""unit_price"": 180.0, ""total_price"": 900.0}]"
GR-9017,PO-1017,20.0,"[{""item_id"": ""ITEM-109"", ""description"": ""Solid State Drive 2TB NVMe"", ""quantity"": 20.0, ""unit_price"": 180.0, ""total_price"": 3600.0}]"
GR-9018,PO-1018,21.0,"[{""item_id"": ""ITEM-103"", ""description"": ""Wireless Keyboard & Mouse Combo"", ""quantity"": 21.0, ""unit_price"": 50.0, ""total_price"": 1050.0}]"
GR-9019,PO-1019,23.0,"[{""item_id"": ""ITEM-102"", ""description"": ""Ergonomic Office Chair"", ""quantity"": 23.0, ""unit_price"": 200.0, ""total_price"": 4600.0}]"
GR-9020,PO-1020,37.0,"[{""item_id"": ""ITEM-105"", ""description"": ""27-Inch 4K UHD Monitor"", ""quantity"": 37.0, ""unit_price"": 250.0, ""total_price"": 9250.0}]"
GR-9021,PO-1021,12.0,"[{""item_id"": ""ITEM-106"", ""description"": ""Cat6 Ethernet Spool 1000ft"", ""quantity"": 12.0, ""unit_price"": 120.0, ""total_price"": 1440.0}]"
GR-9022,PO-1022,39.0,"[{""item_id"": ""ITEM-103"", ""description"": ""Wireless Keyboard & Mouse Combo"", ""quantity"": 39.0, ""unit_price"": 50.0, ""total_price"": 1950.0}]"
GR-9023,PO-1023,18.0,"[{""item_id"": ""ITEM-102"", ""description"": ""Ergonomic Office Chair"", ""quantity"": 18.0, ""unit_price"": 200.0, ""total_price"": 3600.0}]"
GR-9024,PO-1024,17.0,"[{""item_id"": ""ITEM-102"", ""description"": ""Ergonomic Office Chair"", ""quantity"": 17.0, ""unit_price"": 200.0, ""total_price"": 3400.0}]"
GR-9025,PO-1025,6.0,"[{""item_id"": ""ITEM-101"", ""description"": ""Standard Laptop Dock"", ""quantity"": 6.0, ""unit_price"": 150.0, ""total_price"": 900.0}]"
GR-9026,PO-1026,28.0,"[{""item_id"": ""ITEM-102"", ""description"": ""Ergonomic Office Chair"", ""quantity"": 28.0, ""unit_price"": 200.0, ""total_price"": 5600.0}]"
GR-9027,PO-1027,25.0,"[{""item_id"": ""ITEM-103"", ""description"": ""Wireless Keyboard & Mouse Combo"", ""quantity"": 25.0, ""unit_price"": 50.0, ""total_price"": 1250.0}]"
GR-9028,PO-1028,30.0,"[{""item_id"": ""ITEM-102"", ""description"": ""Ergonomic Office Chair"", ""quantity"": 30.0, ""unit_price"": 200.0, ""total_price"": 6000.0}]"
GR-9029,PO-1029,19.0,"[{""item_id"": ""ITEM-110"", ""description"": ""Standing Desk Frame Motorized"", ""quantity"": 19.0, ""unit_price"": 400.0, ""total_price"": 7600.0}]"
GR-9030,PO-1030,40.0,"[{""item_id"": ""ITEM-103"", ""description"": ""Wireless Keyboard & Mouse Combo"", ""quantity"": 40.0, ""unit_price"": 50.0, ""total_price"": 2000.0}]"
GR-9031,PO-1031,24.0,"[{""item_id"": ""ITEM-110"", ""description"": ""Standing Desk Frame Motorized"", ""quantity"": 24.0, ""unit_price"": 400.0, ""total_price"": 9600.0}]"
GR-9032,PO-1032,26.0,"[{""item_id"": ""ITEM-108"", ""description"": ""Noise Cancelling Headset"", ""quantity"": 26.0, ""unit_price"": 85.0, ""total_price"": 2210.0}]"
GR-9033,PO-1033,35.0,"[{""item_id"": ""ITEM-105"", ""description"": ""27-Inch 4K UHD Monitor"", ""quantity"": 35.0, ""unit_price"": 250.0, ""total_price"": 8750.0}]"
GR-9034,PO-1034,25.0,"[{""item_id"": ""ITEM-102"", ""description"": ""Ergonomic Office Chair"", ""quantity"": 25.0, ""unit_price"": 200.0, ""total_price"": 5000.0}]"
GR-9035,PO-1035,39.0,"[{""item_id"": ""ITEM-110"", ""description"": ""Standing Desk Frame Motorized"", ""quantity"": 39.0, ""unit_price"": 400.0, ""total_price"": 15600.0}]"
GR-9036,PO-1036,11.0,"[{""item_id"": ""ITEM-101"", ""description"": ""Standard Laptop Dock"", ""quantity"": 11.0, ""unit_price"": 150.0, ""total_price"": 1650.0}]"
GR-9037,PO-1037,13.0,"[{""item_id"": ""ITEM-108"", ""description"": ""Noise Cancelling Headset"", ""quantity"": 13.0, ""unit_price"": 85.0, ""total_price"": 1105.0}]"
GR-9038,PO-1038,31.0,"[{""item_id"": ""ITEM-109"", ""description"": ""Solid State Drive 2TB NVMe"", ""quantity"": 31.0, ""unit_price"": 180.0, ""total_price"": 5580.0}]"
GR-9039,PO-1039,40.0,"[{""item_id"": ""ITEM-103"", ""description"": ""Wireless Keyboard & Mouse Combo"", ""quantity"": 40.0, ""unit_price"": 50.0, ""total_price"": 2000.0}]"
GR-9040,PO-1040,39.0,"[{""item_id"": ""ITEM-107"", ""description"": ""Gigabit Managed Switch 24-Port"", ""quantity"": 39.0, ""unit_price"": 450.0, ""total_price"": 17550.0}]"
GR-9041,PO-1041,12.0,"[{""item_id"": ""ITEM-105"", ""description"": ""27-Inch 4K UHD Monitor"", ""quantity"": 12.0, ""unit_price"": 250.0, ""total_price"": 3000.0}]"
GR-9042,PO-1042,12.0,"[{""item_id"": ""ITEM-102"", ""description"": ""Ergonomic Office Chair"", ""quantity"": 12.0, ""unit_price"": 200.0, ""total_price"": 2400.0}]"
GR-9043,PO-1043,18.0,"[{""item_id"": ""ITEM-110"", ""description"": ""Standing Desk Frame Motorized"", ""quantity"": 18.0, ""unit_price"": 400.0, ""total_price"": 7200.0}]"
GR-9044,PO-1044,25.0,"[{""item_id"": ""ITEM-105"", ""description"": ""27-Inch 4K UHD Monitor"", ""quantity"": 25.0, ""unit_price"": 250.0, ""total_price"": 6250.0}]"
GR-9045,PO-1045,31.0,"[{""item_id"": ""ITEM-102"", ""description"": ""Ergonomic Office Chair"", ""quantity"": 31.0, ""unit_price"": 200.0, ""total_price"": 6200.0}]"
GR-9046,PO-1046,36.0,"[{""item_id"": ""ITEM-105"", ""description"": ""27-Inch 4K UHD Monitor"", ""quantity"": 36.0, ""unit_price"": 250.0, ""total_price"": 9000.0}]"
GR-9047,PO-1047,19.0,"[{""item_id"": ""ITEM-106"", ""description"": ""Cat6 Ethernet Spool 1000ft"", ""quantity"": 19.0, ""unit_price"": 120.0, ""total_price"": 2280.0}]"
GR-9048,PO-1048,25.0,"[{""item_id"": ""ITEM-101"", ""description"": ""Standard Laptop Dock"", ""quantity"": 25.0, ""unit_price"": 150.0, ""total_price"": 3750.0}]"
GR-9049,PO-1049,13.0,"[{""item_id"": ""ITEM-103"", ""description"": ""Wireless Keyboard & Mouse Combo"", ""quantity"": 13.0, ""unit_price"": 50.0, ""total_price"": 650.0}]"
GR-9050,PO-1050,12.0,"[{""item_id"": ""ITEM-109"", ""description"": ""Solid State Drive 2TB NVMe"", ""quantity"": 12.0, ""unit_price"": 180.0, ""total_price"": 2160.0}]"
GR-9051,PO-1051,7.0,"[{""item_id"": ""ITEM-106"", ""description"": ""Cat6 Ethernet Spool 1000ft"", ""quantity"": 7.0, ""unit_price"": 120.0, ""total_price"": 840.0}]"
GR-9052,PO-1052,8.0,"[{""item_id"": ""ITEM-103"", ""description"": ""Wireless Keyboard & Mouse Combo"", ""quantity"": 8.0, ""unit_price"": 50.0, ""total_price"": 400.0}]"
GR-9053,PO-1053,31.0,"[{""item_id"": ""ITEM-105"", ""description"": ""27-Inch 4K UHD Monitor"", ""quantity"": 31.0, ""unit_price"": 250.0, ""total_price"": 7750.0}]"
GR-9054,PO-1054,23.0,"[{""item_id"": ""ITEM-109"", ""description"": ""Solid State Drive 2TB NVMe"", ""quantity"": 23.0, ""unit_price"": 180.0, ""total_price"": 4140.0}]"
GR-9055,PO-1055,16.0,"[{""item_id"": ""ITEM-102"", ""description"": ""Ergonomic Office Chair"", ""quantity"": 16.0, ""unit_price"": 200.0, ""total_price"": 3200.0}]"
GR-9056,PO-1056,16.0,"[{""item_id"": ""ITEM-105"", ""description"": ""27-Inch 4K UHD Monitor"", ""quantity"": 16.0, ""unit_price"": 250.0, ""total_price"": 4000.0}]"
GR-9057,PO-1057,13.0,"[{""item_id"": ""ITEM-101"", ""description"": ""Standard Laptop Dock"", ""quantity"": 13.0, ""unit_price"": 150.0, ""total_price"": 1950.0}]"
GR-9058,PO-1058,19.0,"[{""item_id"": ""ITEM-102"", ""description"": ""Ergonomic Office Chair"", ""quantity"": 19.0, ""unit_price"": 200.0, ""total_price"": 3800.0}]"
GR-9059,PO-1059,35.0,"[{""item_id"": ""ITEM-107"", ""description"": ""Gigabit Managed Switch 24-Port"", ""quantity"": 35.0, ""unit_price"": 450.0, ""total_price"": 15750.0}]"
GR-9060,PO-1060,33.0,"[{""item_id"": ""ITEM-107"", ""description"": ""Gigabit Managed Switch 24-Port"", ""quantity"": 33.0, ""unit_price"": 450.0, ""total_price"": 14850.0}]"
GR-9061,PO-1061,32.0,"[{""item_id"": ""ITEM-107"", ""description"": ""Gigabit Managed Switch 24-Port"", ""quantity"": 32.0, ""unit_price"": 450.0, ""total_price"": 14400.0}]"
GR-9062,PO-1062,8.0,"[{""item_id"": ""ITEM-102"", ""description"": ""Ergonomic Office Chair"", ""quantity"": 8.0, ""unit_price"": 200.0, ""total_price"": 1600.0}]"
GR-9063,PO-1063,25.0,"[{""item_id"": ""ITEM-103"", ""description"": ""Wireless Keyboard & Mouse Combo"", ""quantity"": 25.0, ""unit_price"": 50.0, ""total_price"": 1250.0}]"
GR-9064,PO-1064,32.0,"[{""item_id"": ""ITEM-103"", ""description"": ""Wireless Keyboard & Mouse Combo"", ""quantity"": 32.0, ""unit_price"": 50.0, ""total_price"": 1600.0}]"
GR-9065,PO-1065,5.0,"[{""item_id"": ""ITEM-107"", ""description"": ""Gigabit Managed Switch 24-Port"", ""quantity"": 5.0, ""unit_price"": 450.0, ""total_price"": 2250.0}]"
GR-9066,PO-1066,23.0,"[{""item_id"": ""ITEM-101"", ""description"": ""Standard Laptop Dock"", ""quantity"": 23.0, ""unit_price"": 150.0, ""total_price"": 3450.0}]"
GR-9067,PO-1067,27.0,"[{""item_id"": ""ITEM-103"", ""description"": ""Wireless Keyboard & Mouse Combo"", ""quantity"": 27.0, ""unit_price"": 50.0, ""total_price"": 1350.0}]"
GR-9068,PO-1068,33.0,"[{""item_id"": ""ITEM-102"", ""description"": ""Ergonomic Office Chair"", ""quantity"": 33.0, ""unit_price"": 200.0, ""total_price"": 6600.0}]"
GR-9069,PO-1069,31.0,"[{""item_id"": ""ITEM-101"", ""description"": ""Standard Laptop Dock"", ""quantity"": 31.0, ""unit_price"": 150.0, ""total_price"": 4650.0}]"
GR-9070,PO-1070,29.0,"[{""item_id"": ""ITEM-102"", ""description"": ""Ergonomic Office Chair"", ""quantity"": 29.0, ""unit_price"": 200.0, ""total_price"": 5800.0}]"
GR-9071,PO-1071,36.0,"[{""item_id"": ""ITEM-106"", ""description"": ""Cat6 Ethernet Spool 1000ft"", ""quantity"": 36.0, ""unit_price"": 120.0, ""total_price"": 4320.0}]"
GR-9072,PO-1072,18.0,"[{""item_id"": ""ITEM-101"", ""description"": ""Standard Laptop Dock"", ""quantity"": 18.0, ""unit_price"": 150.0, ""total_price"": 2700.0}]"
GR-9073,PO-1073,38.0,"[{""item_id"": ""ITEM-102"", ""description"": ""Ergonomic Office Chair"", ""quantity"": 38.0, ""unit_price"": 200.0, ""total_price"": 7600.0}]"
GR-9074,PO-1074,36.0,"[{""item_id"": ""ITEM-102"", ""description"": ""Ergonomic Office Chair"", ""quantity"": 36.0, ""unit_price"": 200.0, ""total_price"": 7200.0}]"
GR-9075,PO-1075,33.0,"[{""item_id"": ""ITEM-106"", ""description"": ""Cat6 Ethernet Spool 1000ft"", ""quantity"": 33.0, ""unit_price"": 120.0, ""total_price"": 3960.0}]"
GR-9076,PO-1076,20.0,"[{""item_id"": ""ITEM-107"", ""description"": ""Gigabit Managed Switch 24-Port"", ""quantity"": 20.0, ""unit_price"": 450.0, ""total_price"": 9000.0}]"
GR-9077,PO-1077,34.0,"[{""item_id"": ""ITEM-106"", ""description"": ""Cat6 Ethernet Spool 1000ft"", ""quantity"": 34.0, ""unit_price"": 120.0, ""total_price"": 4080.0}]"
GR-9078,PO-1078,28.0,"[{""item_id"": ""ITEM-102"", ""description"": ""Ergonomic Office Chair"", ""quantity"": 28.0, ""unit_price"": 200.0, ""total_price"": 5600.0}]"
GR-9079,PO-1079,38.0,"[{""item_id"": ""ITEM-110"", ""description"": ""Standing Desk Frame Motorized"", ""quantity"": 38.0, ""unit_price"": 400.0, ""total_price"": 15200.0}]"
GR-9080,PO-1080,15.0,"[{""item_id"": ""ITEM-108"", ""description"": ""Noise Cancelling Headset"", ""quantity"": 15.0, ""unit_price"": 85.0, ""total_price"": 1275.0}]"
GR-9081,PO-1081,21.0,"[{""item_id"": ""ITEM-101"", ""description"": ""Standard Laptop Dock"", ""quantity"": 21.0, ""unit_price"": 150.0, ""total_price"": 3150.0}]"
GR-9082,PO-1082,26.0,"[{""item_id"": ""ITEM-105"", ""description"": ""27-Inch 4K UHD Monitor"", ""quantity"": 26.0, ""unit_price"": 250.0, ""total_price"": 6500.0}]"
GR-9083,PO-1083,28.0,"[{""item_id"": ""ITEM-109"", ""description"": ""Solid State Drive 2TB NVMe"", ""quantity"": 28.0, ""unit_price"": 180.0, ""total_price"": 5040.0}]"
GR-9084,PO-1084,40.0,"[{""item_id"": ""ITEM-108"", ""description"": ""Noise Cancelling Headset"", ""quantity"": 40.0, ""unit_price"": 85.0, ""total_price"": 3400.0}]"
GR-9085,PO-1085,23.0,"[{""item_id"": ""ITEM-107"", ""description"": ""Gigabit Managed Switch 24-Port"", ""quantity"": 23.0, ""unit_price"": 450.0, ""total_price"": 10350.0}]"
GR-9086,PO-1086,8.0,"[{""item_id"": ""ITEM-104"", ""description"": ""Enterprise Rack Server R740"", ""quantity"": 8.0, ""unit_price"": 15000.0, ""total_price"": 120000.0}]"
GR-9087,PO-1087,4.0,"[{""item_id"": ""ITEM-104"", ""description"": ""Enterprise Rack Server R740"", ""quantity"": 4.0, ""unit_price"": 15000.0, ""total_price"": 60000.0}]"
GR-9088,PO-1088,4.0,"[{""item_id"": ""ITEM-104"", ""description"": ""Enterprise Rack Server R740"", ""quantity"": 4.0, ""unit_price"": 15000.0, ""total_price"": 60000.0}]"
GR-9089,PO-1089,7.0,"[{""item_id"": ""ITEM-104"", ""description"": ""Enterprise Rack Server R740"", ""quantity"": 7.0, ""unit_price"": 15000.0, ""total_price"": 105000.0}]"
GR-9090,PO-1090,4.0,"[{""item_id"": ""ITEM-104"", ""description"": ""Enterprise Rack Server R740"", ""quantity"": 4.0, ""unit_price"": 15000.0, ""total_price"": 60000.0}]"
GR-9091,PO-1091,8.0,"[{""item_id"": ""ITEM-104"", ""description"": ""Enterprise Rack Server R740"", ""quantity"": 8.0, ""unit_price"": 15000.0, ""total_price"": 120000.0}]"
GR-9092,PO-1092,4.0,"[{""item_id"": ""ITEM-104"", ""description"": ""Enterprise Rack Server R740"", ""quantity"": 4.0, ""unit_price"": 15000.0, ""total_price"": 60000.0}]"
