po_number,vendor_id,expected_total,line_items
PO-1001,VEND-135,1200.00,"[{""item_id"": ""ITEM-102"", ""description"": ""Ergonomic Office Chair"", ""quantity"": 6.0, ""unit_price"": 200.0, ""total_price"": 1200.0}]"
PO-1002,VEND-122,1360.00,"[{""item_id"": ""ITEM-108"", ""description"": ""Noise Cancelling Headset"", ""quantity"": 16.0, ""unit_price"": 85.0, ""total_price"": 1360.0}]"
PO-1003,VEND-111,4500.00,"[{""item_id"": ""ITEM-105"", ""description"": ""27-Inch 4K UHD Monitor"", ""quantity"": 18.0, ""unit_price"": 250.0, ""total_price"": 4500.0}]"
PO-1004,VEND-115,1275.00,"[{""item_id"": ""ITEM-108"", ""description"": ""Noise Cancelling Headset"", ""quantity"": 15.0, ""unit_price"": 85.0, ""total_price"": 1275.0}]"
PO-1005,VEND-116,3360.00,"[{""item_id"": ""ITEM-106"", ""description"": ""Cat6 Ethernet Spool 1000ft"", ""quantity"": 28.0, ""unit_price"": 120.0, ""total_price"": 3360.0}]"
PO-1006,VEND-101,2210.00,"[{""item_id"": ""ITEM-108"", ""description"": ""Noise Cancelling Headset"", ""quantity"": 26.0, ""unit_price"": 85.0, ""total_price"": 2210.0}]"
PO-1007,VEND-138,5400.00,"[{""item_id"": ""ITEM-101"", ""description"": ""Standard Laptop Dock"", ""quantity"": 36.0, ""unit_price"": 150.0, ""total_price"": 5400.0}]"
PO-1008,VEND-105,6750.00,"[{""item_id"": ""ITEM-107"", ""description"": ""Gigabit Managed Switch 24-Port"", ""quantity"": 15.0, ""unit_price"": 450.0, ""total_price"": 6750.0}]"
PO-1009,VEND-107,600.00,"[{""item_id"": ""ITEM-103"", ""description"": ""Wireless Keyboard & Mouse Combo"", ""quantity"": 12.0, ""unit_price"": 50.0, ""total_price"": 600.0}]"
PO-1010,VEND-130,3600.00,"[{""item_id"": ""ITEM-109"", ""description"": ""Solid State Drive 2TB NVMe"", ""quantity"": 20.0, ""unit_price"": 180.0, ""total_price"": 3600.0}]"
PO-1011,VEND-126,1020.00,"[{""item_id"": ""ITEM-108"", ""description"": ""Noise Cancelling Headset"", ""quantity"": 12.0, ""unit_price"": 85.0, ""total_price"": 1020.0}]"
PO-1012,VEND-134,50000.00,"[{""item_id"": ""ITEM-110"", ""description"": ""Standing Desk Frame Motorized"", ""quantity"": 100.0, ""unit_price"": 500.0, ""total_price"": 50000.0}]"
PO-1013,VEND-105,6000.00,"[{""item_id"": ""ITEM-101"", ""description"": ""Standard Laptop Dock"", ""quantity"": 40.0, ""unit_price"": 150.0, ""total_price"": 6000.0}]"
PO-1014,VEND-109,1400.00,"[{""item_id"": ""ITEM-103"", ""description"": ""Wireless Keyboard & Mouse Combo"", ""quantity"": 28.0, ""unit_price"": 50.0, ""total_price"": 1400.0}]"
PO-1015,VEND-120,2600.00,"[{""item_id"": ""ITEM-102"", ""description"": ""Ergonomic Office Chair"", ""quantity"": 13.0, ""unit_price"": 200.0, ""total_price"": 2600.0}]"
PO-1016,VEND-124,900.00,"[{""item_id"": ""ITEM-109"", ""description"": ""Solid State Drive 2TB NVMe"", ""quantity"": 5.0, ""unit_price"": 180.0, ""total_price"": 900.0}]"
PO-1017,VEND-137,3600.00,"[{""item_id"": ""ITEM-109"", ""description"": ""Solid State Drive 2TB NVMe"", ""quantity"": 20.0, ""unit_price"": 180.0, ""total_price"": 3600.0}]"
PO-1018,VEND-117,1050.00,"[{""item_id"": ""ITEM-103"", ""description"": ""Wireless Keyboard & Mouse Combo"", ""quantity"": 21.0, ""unit_price"": 50.0, ""total_price"": 1050.0}]"
PO-1019,VEND-120,4600.00,"[{""item_id"": ""ITEM-102"", ""description"": ""Ergonomic Office Chair"", ""quantity"": 23.0, ""unit_price"": 200.0, ""total_price"": 4600.0}]"
PO-1020,VEND-124,9250.00,"[{""item_id"": ""ITEM-105"", ""description"": ""27-Inch 4K UHD Monitor"", ""quantity"": 37.0, ""unit_price"": 250.0, ""total_price"": 9250.0}]"
PO-1021,VEND-120,1440.00,"[{""item_id"": ""ITEM-106"", ""description"": ""Cat6 Ethernet Spool 1000ft"", ""quantity"": 12.0, ""unit_price"": 120.0, ""total_price"": 1440.0}]"
PO-1022,VEND-124,1950.00,"[{""item_id"": ""ITEM-103"", ""description"": ""Wireless Keyboard & Mouse Combo"", ""quantity"": 39.0, ""unit_price"": 50.0, ""total_price"": 1950.0}]"
PO-1023,VEND-122,3600.00,"[{""item_id"": ""ITEM-102"", ""description"": ""Ergonomic Office Chair"", ""quantity"": 18.0, ""unit_price"": 200.0, ""total_price"": 3600.0}]"
PO-1024,VEND-130,3400.00,"[{""item_id"": ""ITEM-102"", ""description"": ""Ergonomic Office Chair"", ""quantity"": 17.0, ""unit_price"": 200.0, ""total_price"": 3400.0}]"
PO-1025,VEND-122,900.00,"[{""item_id"": ""ITEM-101"", ""description"": ""Standard Laptop Dock"", ""quantity"": 6.0, ""unit_price"": 150.0, ""total_price"": 900.0}]"
PO-1026,VEND-114,5600.00,"[{""item_id"": ""ITEM-102"", ""description"": ""Ergonomic Office Chair"", ""quantity"": 28.0, ""unit_price"": 200.0, ""total_price"": 5600.0}]"
PO-1027,VEND-113,1250.00,"[{""item_id"": ""ITEM-103"", ""description"": ""Wireless Keyboard & Mouse Combo"", ""quantity"": 25.0, ""unit_price"": 50.0, ""total_price"": 1250.0}]"
PO-1028,VEND-126,6000.00,"[{""item_id"": ""ITEM-102"", ""description"": ""Ergonomic Office Chair"", ""quantity"": 30.0, ""unit_price"": 200.0, ""total_price"": 6000.0}]"
PO-1029,VEND-138,7600.00,"[{""item_id"": ""ITEM-110"", ""description"": ""Standing Desk Frame Motorized"", ""quantity"": 19.0, ""unit_price"": 400.0, ""total_price"": 7600.0}]"
PO-1030,VEND-140,2000.00,"[{""item_id"": ""ITEM-103"", ""description"": ""Wireless Keyboard & Mouse Combo"", ""quantity"": 40.0, ""unit_price"": 50.0, ""total_price"": 2000.0}]"
PO-1031,VEND-101,9600.00,"[{""item_id"": ""ITEM-110"", ""description"": ""Standing Desk Frame Motorized"", ""quantity"": 24.0, ""unit_price"": 400.0, ""total_price"": 9600.0}]"
PO-1032,VEND-108,2210.00,"[{""item_id"": ""ITEM-108"", ""description"": ""Noise Cancelling Headset"", ""quantity"": 26.0, ""unit_price"": 85.0, ""total_price"": 2210.0}]"
PO-1033,VEND-136,8750.00,"[{""item_id"": ""ITEM-105"", ""description"": ""27-Inch 4K UHD Monitor"", ""quantity"": 35.0, ""unit_price"": 250.0, ""total_price"": 8750.0}]"
PO-1034,VEND-101,5000.00,"[{""item_id"": ""ITEM-102"", ""description"": ""Ergonomic Office Chair"", ""quantity"": 25.0, ""unit_price"": 200.0, ""total_price"": 5000.0}]"
PO-1035,VEND-114,15600.00,"[{""item_id"": ""ITEM-110"", ""description"": ""Standing Desk Frame Motorized"", ""quantity"": 39.0, ""unit_price"": 400.0, ""total_price"": 15600.0}]"
PO-1036,VEND-110,1650.00,"[{""item_id"": ""ITEM-101"", ""description"": ""Standard Laptop Dock"", ""quantity"": 11.0, ""unit_price"": 150.0, ""total_price"": 1650.0}]"
PO-1037,VEND-134,1105.00,"[{""item_id"": ""ITEM-108"", ""description"": ""Noise Cancelling Headset"", ""quantity"": 13.0, ""unit_price"": 85.0, ""total_price"": 1105.0}]"
PO-1038,VEND-120,5580.00,"[{""item_id"": ""ITEM-109"", ""description"": ""Solid State Drive 2TB NVMe"", ""quantity"": 31.0, ""unit_price"": 180.0, ""total_price"": 5580.0}]"
PO-1039,VEND-135,2000.00,"[{""item_id"": ""ITEM-103"", ""description"": ""Wireless Keyboard & Mouse Combo"", ""quantity"": 40.0, ""unit_price"": 50.0, ""total_price"": 2000.0}]"
PO-1040,VEND-125,17550.00,"[{""item_id"": ""ITEM-107"", ""description"": ""Gigabit Managed Switch 24-Port"", ""quantity"": 39.0, ""unit_price"": 450.0, ""total_price"": 17550.0}]"
PO-1041,VEND-135,3000.00,"[{""item_id"": ""ITEM-105"", ""description"": ""27-Inch 4K UHD Monitor"", ""quantity"": 12.0, ""unit_price"": 250.0, ""total_price"": 3000.0}]"
PO-1042,VEND-130,2400.00,"[{""item_id"": ""ITEM-102"", ""description"": ""Ergonomic Office Chair"", ""quantity"": 12.0, ""unit_price"": 200.0, ""total_price"": 2400.0}]"
PO-1043,VEND-101,7200.00,"[{""item_id"": ""ITEM-110"", ""description"": ""Standing Desk Frame Motorized"", ""quantity"": 18.0, ""unit_price"": 400.0, ""total_price"": 7200.0}]"
PO-1044,VEND-127,6250.00,"[{""item_id"": ""ITEM-105"", ""description"": ""27-Inch 4K UHD Monitor"", ""quantity"": 25.0, ""unit_price"": 250.0, ""total_price"": 6250.0}]"
PO-1045,VEND-133,6200.00,"[{""item_id"": ""ITEM-102"", ""description"": ""Ergonomic Office Chair"", ""quantity"": 31.0, ""unit_price"": 200.0, ""total_price"": 6200.0}]"
PO-1046,VEND-115,9000.00,"[{""item_id"": ""ITEM-105"", ""description"": ""27-Inch 4K UHD Monitor"", ""quantity"": 36.0, ""unit_price"": 250.0, ""total_price"": 9000.0}]"
PO-1047,VEND-109,2280.00,"[{""item_id"": ""ITEM-106"", ""description"": ""Cat6 Ethernet Spool 1000ft"", ""quantity"": 19.0, ""unit_price"": 120.0, ""total_price"": 2280.0}]"
PO-1048,VEND-139,3750.00,"[{""item_id"": ""ITEM-101"", ""description"": ""Standard Laptop Dock"", ""quantity"": 25.0, ""unit_price"": 150.0, ""total_price"": 3750.0}]"
PO-1049,VEND-103,650.00,"[{""item_id"": ""ITEM-103"", ""description"": ""Wireless Keyboard & Mouse Combo"", ""quantity"": 13.0, ""unit_price"": 50.0, ""total_price"": 650.0}]"
PO-1050,VEND-118,2160.00,"[{""item_id"": ""ITEM-109"", ""description"": ""Solid State Drive 2TB NVMe"", ""quantity"": 12.0, ""unit_price"": 180.0, ""total_price"": 2160.0}]"
PO-1051,VEND-135,840.00,"[{""item_id"": ""ITEM-106"", ""description"": ""Cat6 Ethernet Spool 1000ft"", ""quantity"": 7.0, ""unit_price"": 120.0, ""total_price"": 840.0}]"
PO-1052,VEND-104,400.00,"[{""item_id"": ""ITEM-103"", ""description"": ""Wireless Keyboard & Mouse Combo"", ""quantity"": 8.0, ""unit_price"": 50.0, ""total_price"": 400.0}]"
PO-1053,VEND-105,7750.00,"[{""item_id"": ""ITEM-105"", ""description"": ""27-Inch 4K UHD Monitor"", ""quantity"": 31.0, ""unit_price"": 250.0, ""total_price"": 7750.0}]"
PO-1054,VEND-129,4140.00,"[{""item_id"": ""ITEM-109"", ""description"": ""Solid State Drive 2TB NVMe"", ""quantity"": 23.0, ""unit_price"": 180.0, ""total_price"": 4140.0}]"
PO-1055,VEND-107,3200.00,"[{""item_id"": ""ITEM-102"", ""description"": ""Ergonomic Office Chair"", ""quantity"": 16.0, ""unit_price"": 200.0, ""total_price"": 3200.0}]"
PO-1056,VEND-115,4000.00,"[{""item_id"": ""ITEM-105"", ""description"": ""27-Inch 4K UHD Monitor"", ""quantity"": 16.0, ""unit_price"": 250.0, ""total_price"": 4000.0}]"
PO-1057,VEND-109,1950.00,"[{""item_id"": ""ITEM-101"", ""description"": ""Standard Laptop Dock"", ""quantity"": 13.0, ""unit_price"": 150.0, ""total_price"": 1950.0}]"
PO-1058,VEND-103,3800.00,"[{""item_id"": ""ITEM-102"", ""description"": ""Ergonomic Office Chair"", ""quantity"": 19.0, ""unit_price"": 200.0, ""total_price"": 3800.0}]"
PO-1059,VEND-139,15750.00,"[{""item_id"": ""ITEM-107"", ""description"": ""Gigabit Managed Switch 24-Port"", ""quantity"": 35.0, ""unit_price"": 450.0, ""total_price"": 15750.0}]"
PO-1060,VEND-136,14850.00,"[{""item_id"": ""ITEM-107"", ""description"": ""Gigabit Managed Switch 24-Port"", ""quantity"": 33.0, ""unit_price"": 450.0, ""total_price"": 14850.0}]"
PO-1061,VEND-102,15300.00,"[{""item_id"": ""ITEM-107"", ""description"": ""Gigabit Managed Switch 24-Port"", ""quantity"": 34.0, ""unit_price"": 450.0, ""total_price"": 15300.0}]"
PO-1062,VEND-129,2000.00,"[{""item_id"": ""ITEM-102"", ""description"": ""Ergonomic Office Chair"", ""quantity"": 10.0, ""unit_price"": 200.0, ""total_price"": 2000.0}]"
PO-1063,VEND-121,1450.00,"[{""item_id"": ""ITEM-103"", ""description"": ""Wireless Keyboard & Mouse Combo"", ""quantity"": 29.0, ""unit_price"": 50.0, ""total_price"": 1450.0}]"
PO-1064,VEND-108,1850.00,"[{""item_id"": ""ITEM-103"", ""description"": ""Wireless Keyboard & Mouse Combo"", ""quantity"": 37.0, ""unit_price"": 50.0, ""total_price"": 1850.0}]"
PO-1065,VEND-113,3150.00,"[{""item_id"": ""ITEM-107"", ""description"": ""Gigabit Managed Switch 24-Port"", ""quantity"": 7.0, ""unit_price"": 450.0, ""total_price"": 3150.0}]"
PO-1066,VEND-104,4050.00,"[{""item_id"": ""ITEM-101"", ""description"": ""Standard Laptop Dock"", ""quantity"": 27.0, ""unit_price"": 150.0, ""total_price"": 4050.0}]"
PO-1067,VEND-116,1450.00,"[{""item_id"": ""ITEM-103"", ""description"": ""Wireless Keyboard & Mouse Combo"", ""quantity"": 29.0, ""unit_price"": 50.0, ""total_price"": 1450.0}]"
PO-1068,VEND-124,7600.00,"[{""item_id"": ""ITEM-102"", ""description"": ""Ergonomic Office Chair"", ""quantity"": 38.0, ""unit_price"": 200.0, ""total_price"": 7600.0}]"
PO-1069,VEND-111,5100.00,"[{""item_id"": ""ITEM-101"", ""description"": ""Standard Laptop Dock"", ""quantity"": 34.0, ""unit_price"": 150.0, ""total_price"": 5100.0}]"
PO-1070,VEND-132,6600.00,"[{""item_id"": ""ITEM-102"", ""description"": ""Ergonomic Office Chair"", ""quantity"": 33.0, ""unit_price"": 200.0, ""total_price"": 6600.0}]"
PO-1071,VEND-105,4680.00,"[{""item_id"": ""ITEM-106"", ""description"": ""Cat6 Ethernet Spool 1000ft"", ""quantity"": 39.0, ""unit_price"": 120.0, ""total_price"": 4680.0}]"
PO-1072,VEND-133,3450.00,"[{""item_id"": ""ITEM-101"", ""description"": ""Standard Laptop Dock"", ""quantity"": 23.0, ""unit_price"": 150.0, ""total_price"": 3450.0}]"
PO-1073,VEND-121,8000.00,"[{""item_id"": ""ITEM-102"", ""description"": ""Ergonomic Office Chair"", ""quantity"": 40.0, ""unit_price"": 200.0, ""total_price"": 8000.0}]"
PO-1074,VEND-122,8000.00,"[{""item_id"": ""ITEM-102"", ""description"": ""Ergonomic Office Chair"", ""quantity"": 40.0, ""unit_price"": 200.0, ""total_price"": 8000.0}]"
PO-1075,VEND-112,4200.00,"[{""item_id"": ""ITEM-106"", ""description"": ""Cat6 Ethernet Spool 1000ft"", ""quantity"": 35.0, ""unit_price"": 120.0, ""total_price"": 4200.0}]"
PO-1076,VEND-112,9000.00,"[{""item_id"": ""ITEM-107"", ""description"": ""Gigabit Managed Switch 24-Port"", ""quantity"": 20.0, ""unit_price"": 450.0, ""total_price"": 9000.0}]"
PO-1077,VEND-104,4080.00,"[{""item_id"": ""ITEM-106"", ""description"": ""Cat6 Ethernet Spool 1000ft"", ""quantity"": 34.0, ""unit_price"": 120.0, ""total_price"": 4080.0}]"
PO-1078,VEND-113,5600.00,"[{""item_id"": ""ITEM-102"", ""description"": ""Ergonomic Office Chair"", ""quantity"": 28.0, ""unit_price"": 200.0, ""total_price"": 5600.0}]"
PO-1079,VEND-107,15200.00,"[{""item_id"": ""ITEM-110"", ""description"": ""Standing Desk Frame Motorized"", ""quantity"": 38.0, ""unit_price"": 400.0, ""total_price"": 15200.0}]"
PO-1080,VEND-139,1275.00,"[{""item_id"": ""ITEM-108"", ""description"": ""Noise Cancelling Headset"", ""quantity"": 15.0, ""unit_price"": 85.0, ""total_price"": 1275.0}]"
PO-1081,VEND-125,3150.00,"[{""item_id"": ""ITEM-101"", ""description"": ""Standard Laptop Dock"", ""quantity"": 21.0, ""unit_price"": 150.0, ""total_price"": 3150.0}]"
PO-1082,VEND-137,6500.00,"[{""item_id"": ""ITEM-105"", ""description"": ""27-Inch 4K UHD Monitor"", ""quantity"": 26.0, ""unit_price"": 250.0, ""total_price"": 6500.0}]"
PO-1083,VEND-118,5040.00,"[{""item_id"": ""ITEM-109"", ""description"": ""Solid State Drive 2TB NVMe"", ""quantity"": 28.0, ""unit_price"": 180.0, ""total_price"": 5040.0}]"
PO-1084,VEND-121,3400.00,"[{""item_id"": ""ITEM-108"", ""description"": ""Noise Cancelling Headset"", ""quantity"": 40.0, ""unit_price"": 85.0, ""total_price"": 3400.0}]"
PO-1085,VEND-130,10350.00,"[{""item_id"": ""ITEM-107"", ""description"": ""Gigabit Managed Switch 24-Port"", ""quantity"": 23.0, ""unit_price"": 450.0, ""total_price"": 10350.0}]"
PO-1086,VEND-135,120000.00,"[{""item_id"": ""ITEM-104"", ""description"": ""Enterprise Rack Server R740"", ""quantity"": 8.0, ""unit_price"": 15000.0, ""total_price"": 120000.0}]"
PO-1087,VEND-137,60000.00,"[{""item_id"": ""ITEM-104"", ""description"": ""Enterprise Rack Server R740"", ""quantity"": 4.0, ""unit_price"": 15000.0, ""total_price"": 60000.0}]"
PO-1088,VEND-118,60000.00,"[{""item_id"": ""ITEM-104"", ""description"": ""Enterprise Rack Server R740"", ""quantity"": 4.0, ""unit_price"": 15000.0, ""total_price"": 60000.0}]"
PO-1089,VEND-129,105000.00,"[{""item_id"": ""ITEM-104"", ""description"": ""Enterprise Rack Server R740"", ""quantity"": 7.0, ""unit_price"": 15000.0, ""total_price"": 105000.0}]"
PO-1090,VEND-109,60000.00,"[{""item_id"": ""ITEM-104"", ""description"": ""Enterprise Rack Server R740"", ""quantity"": 4.0, ""unit_price"": 15000.0, ""total_price"": 60000.0}]"
PO-1091,VEND-128,120000.00,"[{""item_id"": ""ITEM-104"", ""description"": ""Enterprise Rack Server R740"", ""quantity"": 8.0, ""unit_price"": 15000.0, ""total_price"": 120000.0}]"
PO-1092,VEND-122,60000.00,"[{""item_id"": ""ITEM-104"", ""description"": ""Enterprise Rack Server R740"", ""quantity"": 4.0, ""unit_price"": 15000.0, ""total_price"": 60000.0}]"
PO-1093,VEND-112,5000.00,"[{""item_id"": ""ITEM-102"", ""description"": ""Ergonomic Office Chair"", ""quantity"": 25.0, ""unit_price"": 200.0, ""total_price"": 5000.0}]"
PO-1094,VEND-140,1700.00,"[{""item_id"": ""ITEM-103"", ""description"": ""Wireless Keyboard & Mouse Combo"", ""quantity"": 34.0, ""unit_price"": 50.0, ""total_price"": 1700.0}]"
PO-1095,VEND-122,13500.00,"[{""item_id"": ""ITEM-107"", ""description"": ""Gigabit Managed Switch 24-Port"", ""quantity"": 30.0, ""unit_price"": 450.0, ""total_price"": 13500.0}]"
PO-1096,VEND-125,1700.00,"[{""item_id"": ""ITEM-103"", ""description"": ""Wireless Keyboard & Mouse Combo"", ""quantity"": 34.0, ""unit_price"": 50.0, ""total_price"": 1700.0}]"
PO-1097,VEND-109,13950.00,"[{""item_id"": ""ITEM-107"", ""description"": ""Gigabit Managed Switch 24-Port"", ""quantity"": 31.0, ""unit_price"": 450.0, ""total_price"": 13950.0}]"
PO-1098,VEND-130,4320.00,"[{""item_id"": ""ITEM-109"", ""description"": ""Solid State Drive 2TB NVMe"", ""quantity"": 24.0, ""unit_price"": 180.0, ""total_price"": 4320.0}]"
PO-1099,VEND-101,4000.00,"[{""item_id"": ""ITEM-105"", ""description"": ""27-Inch 4K UHD Monitor"", ""quantity"": 16.0, ""unit_price"": 250.0, ""total_price"": 4000.0}]"
PO-1100,VEND-118,700.00,"[{""item_id"": ""ITEM-103"", ""description"": ""Wireless Keyboard & Mouse Combo"", ""quantity"": 14.0, ""unit_price"": 50.0, ""total_price"": 700.0}]"
